{"meta":{"version":1,"warehouse":"2.2.0"},"models":{"Asset":[{"_id":"themes/maupassant/source/js/codeblock-resizer.js","path":"js/codeblock-resizer.js","modified":0,"renderable":1},{"_id":"themes/maupassant/source/js/fancybox.js","path":"js/fancybox.js","modified":0,"renderable":1},{"_id":"themes/maupassant/source/js/search.js","path":"js/search.js","modified":0,"renderable":1},{"_id":"themes/maupassant/source/js/share.js","path":"js/share.js","modified":0,"renderable":1},{"_id":"themes/maupassant/source/css/jquery.fancybox.css","path":"css/jquery.fancybox.css","modified":0,"renderable":1},{"_id":"themes/maupassant/source/css/style.scss","path":"css/style.scss","modified":0,"renderable":1},{"_id":"themes/maupassant/source/fancybox/blank.gif","path":"fancybox/blank.gif","modified":0,"renderable":1},{"_id":"themes/maupassant/source/js/smartresize.js","path":"js/smartresize.js","modified":0,"renderable":1},{"_id":"themes/maupassant/source/js/totop.js","path":"js/totop.js","modified":0,"renderable":1},{"_id":"themes/maupassant/source/fancybox/fancybox_loading.gif","path":"fancybox/fancybox_loading.gif","modified":0,"renderable":1},{"_id":"themes/maupassant/source/fancybox/fancybox_loading@2x.gif","path":"fancybox/fancybox_loading@2x.gif","modified":0,"renderable":1},{"_id":"themes/maupassant/source/fancybox/fancybox_overlay.png","path":"fancybox/fancybox_overlay.png","modified":0,"renderable":1},{"_id":"themes/maupassant/source/fancybox/fancybox_sprite.png","path":"fancybox/fancybox_sprite.png","modified":0,"renderable":1},{"_id":"themes/maupassant/source/fancybox/fancybox_sprite@2x.png","path":"fancybox/fancybox_sprite@2x.png","modified":0,"renderable":1}],"Cache":[{"_id":"source/_posts/How-to-update-hexo-blog-when-changing-a-computer.md","hash":"db32d271525344dea2b063cc9aa11494f3652894","modified":1468306915696},{"_id":"source/_posts/hello-world.md","hash":"1305592a7ea7600b0420a32015eeea127825cab8","modified":1468305120076},{"_id":"source/_posts/test1.md","hash":"f8d967828ef3fe1e331df3dce859a99557fd1fa3","modified":1468305158896},{"_id":"source/about/index.md","hash":"ac7187f48988d0a4f7c6b96f2cdd87c8abcfb47c","modified":1468230852304},{"_id":"source/_posts/My-Gallery.md","hash":"f57573c86c8a03093eb7f665a2ff556625073204","modified":1468305142984},{"_id":"themes/maupassant/_config.yml","hash":"a43d46c97b7a8ebc19da4cf2b6d83ea5c0cd30fe","modified":1468304833973},{"_id":"themes/maupassant/package.json","hash":"81fb4e2ac051ecfb9a93f37b28910291b939771a","modified":1467977447335},{"_id":"themes/maupassant/.travis.yml","hash":"0339959f29deddc365e8fe8bd85da524410b9a23","modified":1467977447331},{"_id":"themes/maupassant/LICENSE","hash":"019dc6a9aba02ae3aaabca45f39aecd6e8e7f1d8","modified":1467977447331},{"_id":"themes/maupassant/README.md","hash":"186c494aafde76d974298d1086bd679b39e4526f","modified":1467977447331},{"_id":"themes/maupassant/languages/en.yml","hash":"e13ab1a2d2f1edbe67b4c035fd4667cb6a31db8e","modified":1467977447335},{"_id":"themes/maupassant/languages/de-DE.yml","hash":"5d3556a885e355a8c2da65ef3e7b3ee36a628bfa","modified":1467977447335},{"_id":"themes/maupassant/languages/zh-CN.yml","hash":"bbb9ba7789ccff024ddb9b30e5284597d5e04ec4","modified":1468305213831},{"_id":"themes/maupassant/languages/zh-TW.yml","hash":"56b65995c60e99dcebbf00168447fd225d28e5b2","modified":1467977447335},{"_id":"themes/maupassant/layout/archive.jade","hash":"0050c883b4f202add71c8664d65e6072179e7190","modified":1467977447335},{"_id":"themes/maupassant/layout/base.jade","hash":"ff15ed62815263c9fe78604cca198ecedf4b3405","modified":1467977447335},{"_id":"themes/maupassant/layout/index.jade","hash":"7466ce52023ed8a413a6b4461354a9e20e62fc14","modified":1467977447335},{"_id":"themes/maupassant/layout/page.jade","hash":"8d70fd3b93f2c9087a9ea7ec538dcc1d413bea01","modified":1467977447335},{"_id":"themes/maupassant/languages/es-ES.yml","hash":"58e1d04bcd1834fa9d2960e18e027abbbccbedc9","modified":1467977447335},{"_id":"themes/maupassant/languages/fr-FR.yml","hash":"b47906ec0abf867fb3e3360bc046b7afb68aee25","modified":1467977447335},{"_id":"themes/maupassant/languages/ko.yml","hash":"909a33e0befa6978e8e72157c6b415b48551ee31","modified":1467977447335},{"_id":"themes/maupassant/layout/post.jade","hash":"9cf29fb0daed95935154ce0fa2b154df5a9b11b1","modified":1467977447335},{"_id":"themes/maupassant/layout/timeline.jade","hash":"f03d8df63a188543cfe4e85e76194abe081411a1","modified":1467977447335},{"_id":"themes/maupassant/.git/index","hash":"8621e4dea941e881d5901b706c5e762eaf156f64","modified":1467977447335},{"_id":"themes/maupassant/.git/HEAD","hash":"acbaef275e46a7f14c1ef456fff2c8bbe8c84724","modified":1467977447295},{"_id":"themes/maupassant/.git/config","hash":"776ed8041073d1bb2a234fa37a0d49bad1f0c5f4","modified":1467977447299},{"_id":"themes/maupassant/.git/description","hash":"9635f1b7e12c045212819dd934d809ef07efa2f4","modified":1467977443827},{"_id":"themes/maupassant/.git/packed-refs","hash":"06c1d320b345ebd28a72622849ba8887d6bf0f09","modified":1467977447295},{"_id":"themes/maupassant/layout/_partial/after_footer.jade","hash":"3dbcc9a9f0d6e55da191d3393c18bbfcfe99fa69","modified":1467977447335},{"_id":"themes/maupassant/layout/_partial/comments.jade","hash":"6c7f63ba04a4d28323ba31e79a4927f3d3fcc56e","modified":1467977447335},{"_id":"themes/maupassant/layout/_partial/mathjax.jade","hash":"b54b56faff9e47ab3ca3cdd55056c73e60776f3c","modified":1467977447335},{"_id":"themes/maupassant/layout/_partial/mathjax2.jade","hash":"d6ac5dc4e9c7a1b866f1f92d88988cfb35aded4c","modified":1467977447335},{"_id":"themes/maupassant/layout/_partial/paginator.jade","hash":"53f9cb77448e84a98da5eb688e2e12b173c555bb","modified":1467977447335},{"_id":"themes/maupassant/layout/_widget/category.jade","hash":"7c6aed762934ca51aa2669b886254da24b77bc14","modified":1467977447335},{"_id":"themes/maupassant/layout/_widget/links.jade","hash":"f57a0c76d243882b2b77330132bdb43bc648948b","modified":1467977447335},{"_id":"themes/maupassant/layout/_widget/recent_comments.jade","hash":"e119c5afa85abc60d139e2da99b0bfcd7a6530f8","modified":1467977447335},{"_id":"themes/maupassant/layout/_widget/recent_posts.jade","hash":"19431336d724d2118e46da43683bce9063176541","modified":1467977447335},{"_id":"themes/maupassant/layout/_widget/search.jade","hash":"193546282908e499813534f86d27ef6e0a1357b3","modified":1467977447335},{"_id":"themes/maupassant/layout/_partial/post_nav.jade","hash":"a2d698c84bb6da08195fe870dbd7215f65388d3f","modified":1467977447335},{"_id":"themes/maupassant/layout/_partial/tag.jade","hash":"0f0e6770e9d5dd8040e330d71bbbfadd2df36a28","modified":1467977447335},{"_id":"themes/maupassant/layout/_partial/totop.jade","hash":"8225bbc3cdb9648bc2e6872e5c616a9a1e4def4f","modified":1467977447335},{"_id":"themes/maupassant/layout/_widget/tag.jade","hash":"132f049ce677d0e38f50073174c4ee4b825d4a06","modified":1467977447335},{"_id":"themes/maupassant/layout/_partial/footer.jade","hash":"aa020b794e697e8e9612530c97c6295efde469fe","modified":1467977447335},{"_id":"themes/maupassant/layout/_partial/backup_comments.ejs","hash":"5386ba64bfe9c67e0ba80d1f15c0e6f4bea42d4e","modified":1468229579253},{"_id":"themes/maupassant/layout/_partial/helpers.jade","hash":"acdf9e2d52ee86c831fa15ce1570930c5779bc78","modified":1467977447335},{"_id":"themes/maupassant/source/js/codeblock-resizer.js","hash":"5d0b786d60bf225d9eabcc9cece2719ff4d9b6cd","modified":1467977447335},{"_id":"themes/maupassant/source/js/fancybox.js","hash":"13c4781570339f4fba76a3d7f202e442817dd605","modified":1467977447335},{"_id":"themes/maupassant/source/js/search.js","hash":"53db2eb255dd40a412ed62ea7332ca5a22f7816f","modified":1467977447335},{"_id":"themes/maupassant/source/js/share.js","hash":"f49776e0baa2b913ddc7a20db24b3edd469c8343","modified":1467977447335},{"_id":"themes/maupassant/source/css/jquery.fancybox.css","hash":"f42f761157f26244673eb2f4a9215c70956f80dc","modified":1467977447335},{"_id":"themes/maupassant/source/css/style.scss","hash":"723a594323f69cf183d82a3af110932ec399d4d6","modified":1467977447335},{"_id":"themes/maupassant/source/fancybox/blank.gif","hash":"2daeaa8b5f19f0bc209d976c02bd6acb51b00b0a","modified":1467977447335},{"_id":"themes/maupassant/source/js/smartresize.js","hash":"3ef157fd877167e3290f42c67a624ea375a46c24","modified":1467977447335},{"_id":"themes/maupassant/source/js/totop.js","hash":"7dbf8fcf582a4fb6eb9b2c60d6de9f9c2091ec4c","modified":1467977447335},{"_id":"themes/maupassant/source/fancybox/fancybox_loading.gif","hash":"1a755fb2599f3a313cc6cfdb14df043f8c14a99c","modified":1467977447335},{"_id":"themes/maupassant/source/fancybox/fancybox_loading@2x.gif","hash":"273b123496a42ba45c3416adb027cd99745058b0","modified":1467977447335},{"_id":"themes/maupassant/source/fancybox/fancybox_overlay.png","hash":"b3a4ee645ba494f52840ef8412015ba0f465dbe0","modified":1467977447335},{"_id":"themes/maupassant/source/fancybox/fancybox_sprite.png","hash":"17df19f97628e77be09c352bf27425faea248251","modified":1467977447335},{"_id":"themes/maupassant/source/fancybox/fancybox_sprite@2x.png","hash":"30c58913f327e28f466a00f4c1ac8001b560aed8","modified":1467977447335},{"_id":"themes/maupassant/.git/logs/HEAD","hash":"432bc4a3675a503f260171aede5976a2cd18be46","modified":1467977447299},{"_id":"themes/maupassant/.git/hooks/applypatch-msg.sample","hash":"4de88eb95a5e93fd27e78b5fb3b5231a8d8917dd","modified":1467977443815},{"_id":"themes/maupassant/.git/hooks/commit-msg.sample","hash":"ee1ed5aad98a435f2020b6de35c173b75d9affac","modified":1467977443827},{"_id":"themes/maupassant/.git/hooks/post-update.sample","hash":"b614c2f63da7dca9f1db2e7ade61ef30448fc96c","modified":1467977443815},{"_id":"themes/maupassant/.git/hooks/pre-applypatch.sample","hash":"f208287c1a92525de9f5462e905a9d31de1e2d75","modified":1467977443815},{"_id":"themes/maupassant/.git/hooks/pre-commit.sample","hash":"36aed8976dcc08b5076844f0ec645b18bc37758f","modified":1467977443827},{"_id":"themes/maupassant/.git/hooks/pre-push.sample","hash":"5c8518bfd1d1d3d2c1a7194994c0a16d8a313a41","modified":1467977443827},{"_id":"themes/maupassant/.git/hooks/pre-rebase.sample","hash":"18be3eb275c1decd3614e139f5a311b75f1b0ab8","modified":1467977443815},{"_id":"themes/maupassant/.git/hooks/prepare-commit-msg.sample","hash":"2b6275eda365cad50d167fe3a387c9bc9fedd54f","modified":1467977443827},{"_id":"themes/maupassant/.git/hooks/update.sample","hash":"e729cd61b27c128951d139de8e7c63d1a3758dde","modified":1467977443827},{"_id":"themes/maupassant/.git/info/exclude","hash":"c879df015d97615050afa7b9641e3352a1e701ac","modified":1467977443827},{"_id":"themes/maupassant/.git/refs/heads/master","hash":"75798186091f291ceaf88079bba18696902f2a34","modified":1467977447299},{"_id":"themes/maupassant/.git/objects/pack/pack-874605564f5a2a11f8b79b179be9ea9f0393d943.idx","hash":"be340b5b662ee637532afa313e1159c6ed403e37","modified":1467977447167},{"_id":"themes/maupassant/.git/refs/remotes/origin/HEAD","hash":"d9427cda09aba1cdde5c69c2b13c905bddb0bc51","modified":1467977447295},{"_id":"themes/maupassant/.git/logs/refs/heads/master","hash":"432bc4a3675a503f260171aede5976a2cd18be46","modified":1467977447299},{"_id":"themes/maupassant/.git/logs/refs/remotes/origin/HEAD","hash":"432bc4a3675a503f260171aede5976a2cd18be46","modified":1467977447295},{"_id":"themes/maupassant/.git/objects/pack/pack-874605564f5a2a11f8b79b179be9ea9f0393d943.pack","hash":"71be2f45d22a25ca90ae7739e3425ab7824f89fd","modified":1467977447163},{"_id":"public/about/index.html","hash":"fdce7158224824cc23f56defd681bdd2e32917af","modified":1468306615761},{"_id":"public/2016/07/08/test1/index.html","hash":"895d4e6c61204b994771b4fe2c5bfb1feb858b31","modified":1468306615873},{"_id":"public/archives/index.html","hash":"13da68b4b87a8e426d333c8a84ec80f3a2abd296","modified":1468306615875},{"_id":"public/2013/07/08/My-Gallery/index.html","hash":"06409fca2873fec01955edb53dc9ace6dc7f1ac5","modified":1468306615875},{"_id":"public/2016/07/11/How-to-update-hexo-blog-when-changing-a-computer/index.html","hash":"17059a1ba5f436a77c6a7dc30a99089c45d24f87","modified":1468307020272},{"_id":"public/2016/07/11/hello-world/index.html","hash":"b93952e339c2a569c039977647a5ea6e82f220f7","modified":1468306615886},{"_id":"public/archives/2016/index.html","hash":"71b6637eee118ea9b87130c623de8ed688119ad3","modified":1468306615886},{"_id":"public/archives/2016/07/index.html","hash":"71b6637eee118ea9b87130c623de8ed688119ad3","modified":1468306615886},{"_id":"public/categories/web/index.html","hash":"0d6de2879feef7f023a6a9c7921aac3d3bdea04b","modified":1468306615886},{"_id":"public/categories/ML/index.html","hash":"a8761d03e3a112f23cf235261f34c52bd4dc10d3","modified":1468306615886},{"_id":"public/categories/life/index.html","hash":"562a351934c4be1e9fa57a421d97a0de609e39cc","modified":1468306615886},{"_id":"public/archives/2013/index.html","hash":"afef4f68fc81cfe755f555169e31ee720f87007f","modified":1468306615887},{"_id":"public/archives/2013/07/index.html","hash":"afef4f68fc81cfe755f555169e31ee720f87007f","modified":1468306615887},{"_id":"public/index.html","hash":"a59357deb75606465a8665e591e46b68dbaac4f1","modified":1468307020272},{"_id":"public/tags/life/index.html","hash":"3211fc26f15ea1571973ce7652b1acb02bec4faa","modified":1468306615887},{"_id":"public/tags/Hexo/index.html","hash":"a66c89e7016daf66b0dab68ce6cc10df79f2be52","modified":1468306615887},{"_id":"public/fancybox/blank.gif","hash":"2daeaa8b5f19f0bc209d976c02bd6acb51b00b0a","modified":1468306615891},{"_id":"public/fancybox/fancybox_overlay.png","hash":"b3a4ee645ba494f52840ef8412015ba0f465dbe0","modified":1468306615892},{"_id":"public/fancybox/fancybox_sprite.png","hash":"17df19f97628e77be09c352bf27425faea248251","modified":1468306615892},{"_id":"public/fancybox/fancybox_sprite@2x.png","hash":"30c58913f327e28f466a00f4c1ac8001b560aed8","modified":1468306615894},{"_id":"public/fancybox/fancybox_loading.gif","hash":"1a755fb2599f3a313cc6cfdb14df043f8c14a99c","modified":1468306615894},{"_id":"public/fancybox/fancybox_loading@2x.gif","hash":"273b123496a42ba45c3416adb027cd99745058b0","modified":1468306615894},{"_id":"public/js/fancybox.js","hash":"13c4781570339f4fba76a3d7f202e442817dd605","modified":1468306616068},{"_id":"public/js/search.js","hash":"53db2eb255dd40a412ed62ea7332ca5a22f7816f","modified":1468306616069},{"_id":"public/js/share.js","hash":"f49776e0baa2b913ddc7a20db24b3edd469c8343","modified":1468306616069},{"_id":"public/css/jquery.fancybox.css","hash":"f42f761157f26244673eb2f4a9215c70956f80dc","modified":1468306616069},{"_id":"public/js/smartresize.js","hash":"3ef157fd877167e3290f42c67a624ea375a46c24","modified":1468306616070},{"_id":"public/js/totop.js","hash":"7dbf8fcf582a4fb6eb9b2c60d6de9f9c2091ec4c","modified":1468306616070},{"_id":"public/js/codeblock-resizer.js","hash":"5d0b786d60bf225d9eabcc9cece2719ff4d9b6cd","modified":1468306616070},{"_id":"public/css/style.css","hash":"95c3cb99d115c79917507c3eae17510f974683fe","modified":1468306616070}],"Category":[{"name":"web","_id":"ciqj3uhox0002sijxeuo3e463"},{"name":"ML","_id":"ciqj3uhps0009sijxkxi7wynt"},{"name":"life","_id":"ciqj3uhr1000fsijx79p5r0s2"}],"Data":[],"Page":[{"title":"about","date":"2016-07-11T09:52:48.000Z","_content":"\n","source":"about/index.md","raw":"---\ntitle: about\ndate: 2016-07-11 02:52:48\n---\n\n","updated":"2016-07-11T09:54:12.304Z","path":"about/index.html","comments":1,"layout":"page","_id":"ciqj3uhqf000csijxd6oy4wzk","content":"","excerpt":"","more":""}],"Post":[{"title":"How to update hexo blog when changing a computer?","date":"2016-07-12T06:52:57.000Z","_content":"\n **method 1: github**\n    push into github, then pull and update\n **method 2: copy file**\n    首先按照搭建hexo的过程一步步重新在新电脑上操作，之后只要用原电脑的scaffolds, source, themes 和 _config.yml替换新生成的文件就行了。 \n","source":"_posts/How-to-update-hexo-blog-when-changing-a-computer.md","raw":"---\ntitle: How to update hexo blog when changing a computer?\ndate: 2016-07-11 23:52:57\ntags: Hexo\ncategories: web\n---\n\n **method 1: github**\n    push into github, then pull and update\n **method 2: copy file**\n    首先按照搭建hexo的过程一步步重新在新电脑上操作，之后只要用原电脑的scaffolds, source, themes 和 _config.yml替换新生成的文件就行了。 \n","slug":"How-to-update-hexo-blog-when-changing-a-computer","published":1,"updated":"2016-07-12T07:01:55.696Z","_id":"ciqj3uhoj0000sijxxzop0muc","comments":1,"layout":"post","photos":[],"link":"","content":"<p> <strong>method 1: github</strong><br>    push into github, then pull and update<br> <strong>method 2: copy file</strong><br>    首先按照搭建hexo的过程一步步重新在新电脑上操作，之后只要用原电脑的scaffolds, source, themes 和 _config.yml替换新生成的文件就行了。 </p>\n","excerpt":"","more":"<p> <strong>method 1: github</strong><br>    push into github, then pull and update<br> <strong>method 2: copy file</strong><br>    首先按照搭建hexo的过程一步步重新在新电脑上操作，之后只要用原电脑的scaffolds, source, themes 和 _config.yml替换新生成的文件就行了。 </p>\n"},{"title":"Hello World","_content":"Welcome to [Hexo](https://hexo.io/)! This is your very first post. Check [documentation](https://hexo.io/docs/) for more info. If you get any problems when using Hexo, you can find the answer in [troubleshooting](https://hexo.io/docs/troubleshooting.html) or you can ask me on [GitHub](https://github.com/hexojs/hexo/issues).\n\n## Quick Start\n\n### Create a new post\n\n``` bash\n$ hexo new \"My New Post\"\n```\n\nMore info: [Writing](https://hexo.io/docs/writing.html)\n\n### Run server\n\n``` bash\n$ hexo server\n```\n\nMore info: [Server](https://hexo.io/docs/server.html)\n\n### Generate static files\n\n``` bash\n$ hexo generate\n```\n\nMore info: [Generating](https://hexo.io/docs/generating.html)\n\n### Deploy to remote sites\n\n``` bash\n$ hexo deploy\n```\n\nMore info: [Deployment](https://hexo.io/docs/deployment.html)\n","source":"_posts/hello-world.md","raw":"---\ntitle: Hello World\ntags: Hexo\ncategories: web\n---\nWelcome to [Hexo](https://hexo.io/)! This is your very first post. Check [documentation](https://hexo.io/docs/) for more info. If you get any problems when using Hexo, you can find the answer in [troubleshooting](https://hexo.io/docs/troubleshooting.html) or you can ask me on [GitHub](https://github.com/hexojs/hexo/issues).\n\n## Quick Start\n\n### Create a new post\n\n``` bash\n$ hexo new \"My New Post\"\n```\n\nMore info: [Writing](https://hexo.io/docs/writing.html)\n\n### Run server\n\n``` bash\n$ hexo server\n```\n\nMore info: [Server](https://hexo.io/docs/server.html)\n\n### Generate static files\n\n``` bash\n$ hexo generate\n```\n\nMore info: [Generating](https://hexo.io/docs/generating.html)\n\n### Deploy to remote sites\n\n``` bash\n$ hexo deploy\n```\n\nMore info: [Deployment](https://hexo.io/docs/deployment.html)\n","slug":"hello-world","published":1,"date":"2016-07-12T06:32:00.080Z","updated":"2016-07-12T06:32:00.076Z","comments":1,"layout":"post","photos":[],"link":"","_id":"ciqj3uhpj0005sijx980x3hvs","content":"<p>Welcome to <a href=\"https://hexo.io/\" target=\"_blank\" rel=\"external\">Hexo</a>! This is your very first post. Check <a href=\"https://hexo.io/docs/\" target=\"_blank\" rel=\"external\">documentation</a> for more info. If you get any problems when using Hexo, you can find the answer in <a href=\"https://hexo.io/docs/troubleshooting.html\" target=\"_blank\" rel=\"external\">troubleshooting</a> or you can ask me on <a href=\"https://github.com/hexojs/hexo/issues\">GitHub</a>.</p>\n<h2 id=\"Quick-Start\"><a href=\"#Quick-Start\" class=\"headerlink\" title=\"Quick Start\"></a>Quick Start</h2><h3 id=\"Create-a-new-post\"><a href=\"#Create-a-new-post\" class=\"headerlink\" title=\"Create a new post\"></a>Create a new post</h3><figure class=\"highlight bash\"><table><tr><td class=\"gutter\"><pre><div class=\"line\">1</div></pre></td><td class=\"code\"><pre><div class=\"line\">$ hexo new <span class=\"string\">\"My New Post\"</span></div></pre></td></tr></table></figure>\n<p>More info: <a href=\"https://hexo.io/docs/writing.html\" target=\"_blank\" rel=\"external\">Writing</a></p>\n<h3 id=\"Run-server\"><a href=\"#Run-server\" class=\"headerlink\" title=\"Run server\"></a>Run server</h3><figure class=\"highlight bash\"><table><tr><td class=\"gutter\"><pre><div class=\"line\">1</div></pre></td><td class=\"code\"><pre><div class=\"line\">$ hexo server</div></pre></td></tr></table></figure>\n<p>More info: <a href=\"https://hexo.io/docs/server.html\" target=\"_blank\" rel=\"external\">Server</a></p>\n<h3 id=\"Generate-static-files\"><a href=\"#Generate-static-files\" class=\"headerlink\" title=\"Generate static files\"></a>Generate static files</h3><figure class=\"highlight bash\"><table><tr><td class=\"gutter\"><pre><div class=\"line\">1</div></pre></td><td class=\"code\"><pre><div class=\"line\">$ hexo generate</div></pre></td></tr></table></figure>\n<p>More info: <a href=\"https://hexo.io/docs/generating.html\" target=\"_blank\" rel=\"external\">Generating</a></p>\n<h3 id=\"Deploy-to-remote-sites\"><a href=\"#Deploy-to-remote-sites\" class=\"headerlink\" title=\"Deploy to remote sites\"></a>Deploy to remote sites</h3><figure class=\"highlight bash\"><table><tr><td class=\"gutter\"><pre><div class=\"line\">1</div></pre></td><td class=\"code\"><pre><div class=\"line\">$ hexo deploy</div></pre></td></tr></table></figure>\n<p>More info: <a href=\"https://hexo.io/docs/deployment.html\" target=\"_blank\" rel=\"external\">Deployment</a></p>\n","excerpt":"","more":"<p>Welcome to <a href=\"https://hexo.io/\">Hexo</a>! This is your very first post. Check <a href=\"https://hexo.io/docs/\">documentation</a> for more info. If you get any problems when using Hexo, you can find the answer in <a href=\"https://hexo.io/docs/troubleshooting.html\">troubleshooting</a> or you can ask me on <a href=\"https://github.com/hexojs/hexo/issues\">GitHub</a>.</p>\n<h2 id=\"Quick-Start\"><a href=\"#Quick-Start\" class=\"headerlink\" title=\"Quick Start\"></a>Quick Start</h2><h3 id=\"Create-a-new-post\"><a href=\"#Create-a-new-post\" class=\"headerlink\" title=\"Create a new post\"></a>Create a new post</h3><figure class=\"highlight bash\"><table><tr><td class=\"gutter\"><pre><div class=\"line\">1</div></pre></td><td class=\"code\"><pre><div class=\"line\">$ hexo new <span class=\"string\">\"My New Post\"</span></div></pre></td></tr></table></figure>\n<p>More info: <a href=\"https://hexo.io/docs/writing.html\">Writing</a></p>\n<h3 id=\"Run-server\"><a href=\"#Run-server\" class=\"headerlink\" title=\"Run server\"></a>Run server</h3><figure class=\"highlight bash\"><table><tr><td class=\"gutter\"><pre><div class=\"line\">1</div></pre></td><td class=\"code\"><pre><div class=\"line\">$ hexo server</div></pre></td></tr></table></figure>\n<p>More info: <a href=\"https://hexo.io/docs/server.html\">Server</a></p>\n<h3 id=\"Generate-static-files\"><a href=\"#Generate-static-files\" class=\"headerlink\" title=\"Generate static files\"></a>Generate static files</h3><figure class=\"highlight bash\"><table><tr><td class=\"gutter\"><pre><div class=\"line\">1</div></pre></td><td class=\"code\"><pre><div class=\"line\">$ hexo generate</div></pre></td></tr></table></figure>\n<p>More info: <a href=\"https://hexo.io/docs/generating.html\">Generating</a></p>\n<h3 id=\"Deploy-to-remote-sites\"><a href=\"#Deploy-to-remote-sites\" class=\"headerlink\" title=\"Deploy to remote sites\"></a>Deploy to remote sites</h3><figure class=\"highlight bash\"><table><tr><td class=\"gutter\"><pre><div class=\"line\">1</div></pre></td><td class=\"code\"><pre><div class=\"line\">$ hexo deploy</div></pre></td></tr></table></figure>\n<p>More info: <a href=\"https://hexo.io/docs/deployment.html\">Deployment</a></p>\n"},{"title":"use Hexo to setup a blog","date":"2016-07-08T09:52:38.000Z","_content":"\nHexo is a simply static blog rumtime.\n","source":"_posts/test1.md","raw":"---\ntitle: use Hexo to setup a blog \ndate: 2016-07-08 02:52:38\ntags: Hexo\ncategories: ML\n---\n\nHexo is a simply static blog rumtime.\n","slug":"test1","published":1,"updated":"2016-07-12T06:32:38.896Z","comments":1,"layout":"post","photos":[],"link":"","_id":"ciqj3uhpo0006sijx6lyyhwb6","content":"<p>Hexo is a simply static blog rumtime.</p>\n","excerpt":"","more":"<p>Hexo is a simply static blog rumtime.</p>\n"},{"layout":"photo","title":"My Gallery","date":"2013-07-08T11:02:05.000Z","_content":"Test the blog\n","source":"_posts/My-Gallery.md","raw":"layout: photo\ntitle: My Gallery\ndate: 2013-07-08 04:02:05\ncategories: life\ntags: life\n---\nTest the blog\n","slug":"My-Gallery","published":1,"updated":"2016-07-12T06:32:22.984Z","comments":1,"photos":[],"link":"","_id":"ciqj3uhqv000dsijx436qg7z1","content":"<p>Test the blog</p>\n","excerpt":"","more":"<p>Test the blog</p>\n"}],"PostAsset":[],"PostCategory":[{"post_id":"ciqj3uhoj0000sijxxzop0muc","category_id":"ciqj3uhox0002sijxeuo3e463","_id":"ciqj3uhp10004sijx5k3tmx4x"},{"post_id":"ciqj3uhpj0005sijx980x3hvs","category_id":"ciqj3uhox0002sijxeuo3e463","_id":"ciqj3uhps000asijxro6nxywx"},{"post_id":"ciqj3uhpo0006sijx6lyyhwb6","category_id":"ciqj3uhps0009sijxkxi7wynt","_id":"ciqj3uhq0000bsijxds6gx3aq"},{"post_id":"ciqj3uhqv000dsijx436qg7z1","category_id":"ciqj3uhr1000fsijx79p5r0s2","_id":"ciqj3uhr7000hsijxkgb7na5n"}],"PostTag":[{"post_id":"ciqj3uhoj0000sijxxzop0muc","tag_id":"ciqj3uhot0001sijx0o8zaoyn","_id":"ciqj3uhp10003sijxrnyy1qr0"},{"post_id":"ciqj3uhpj0005sijx980x3hvs","tag_id":"ciqj3uhot0001sijx0o8zaoyn","_id":"ciqj3uhpq0007sijxlqkk0xg7"},{"post_id":"ciqj3uhpo0006sijx6lyyhwb6","tag_id":"ciqj3uhot0001sijx0o8zaoyn","_id":"ciqj3uhps0008sijxdxuxmhzq"},{"post_id":"ciqj3uhqv000dsijx436qg7z1","tag_id":"ciqj3uhr0000esijx7emzig9r","_id":"ciqj3uhr6000gsijxa9g8x87k"}],"Tag":[{"name":"Hexo","_id":"ciqj3uhot0001sijx0o8zaoyn"},{"name":"life","_id":"ciqj3uhr0000esijx7emzig9r"}]}}